component,frobenius_norm,energy_fraction_of_A6,energy_fraction_of_WD6_breaking,participation_rank,WD6_scalar_energy_fraction_internal,pair_chamber_energy_fraction_internal,nonpair_residual_energy_fraction_internal
scalar,319671.49718227086,0.16527128063080068,0.1979940030764671,6.000000000000001,1.0000000000000002,9.169502158702361e-32,0.0
chamber,715697.7197603087,0.8284166695129583,0.9924382021251037,3.3270484118528945,3.343285804612136e-08,0.9999999665671419,1.1102230246251565e-16
nonpair,63138.793508297975,0.00644736296086347,0.007723902162771773,1.517484552513615,4.295762016657281e-06,4.295762016636955e-06,0.9999914084759667
Wbreak,718419.1444186555,0.8347287193691992,1.0,3.3198348691758737,9.231388670948072e-34,0.9922761641973195,0.007723835802680545
scalar_plus_chamber,783791.6980501284,0.9935526370391358,1.1902701009136945,1.0009342641772139,0.1662075959202649,0.8337924040797351,1.1102230246251565e-16
scalar_plus_nonpair,325975.51994742564,0.17185395669628753,0.20588000952711533,5.8289726293633946,0.9624836379186739,1.61162055545437e-07,0.03751620091927055
chamber_plus_nonpair,718419.1444186555,0.8347287193691992,1.0,3.319834869175876,9.231388670948072e-34,0.9922761641973195,0.007723835802680545
