{
  "B_condition_number": null,
  "B_rank": 3,
  "B_singular_values": [
    3.877449471401364,
    0.13851056580424592,
    0.012247335591160148,
    1.6947511817966265e-16,
    0.0,
    0.0
  ],
  "J_condition_number": null,
  "J_rank": 3,
  "J_singular_values": [
    3.8749803989395777,
    0.22116491360203275,
    0.011294494479256775,
    7.451003686457372e-17,
    2.8445916792956105e-34,
    9.805805132248004e-50
  ]
}
