{
  "available_resolution": "three Fano-zone coordinates split uniformly over 7 points",
  "available_zone_resolution": 3,
  "builder_distribution_matrix_rank": 3,
  "builder_singular_values": [
    3.7846253839612287,
    0.18560189594840143,
    0.01167792080964181,
    6.77798075555366e-18,
    3.188226128391062e-19,
    6.611544263893253e-35,
    2.5144993750928305e-50
  ],
  "jabber_distribution_matrix_rank": 3,
  "jabber_singular_values": [
    3.7960965298849096,
    0.28273503981434905,
    0.010160437985845485,
    9.023145221547042e-19,
    2.964785238173367e-19,
    3.161658549454808e-20,
    1.3678096715864902e-34
  ],
  "reason_signed_D6_part_unobservable": "sign flips act trivially on unsigned Fano point probability distributions; no signed edge/channel data is present at the 16-label level.",
  "signed_D6_part_observable": false,
  "theoretical_full_point_resolution": 7
}
