value,count,probability
-24,1,0.000244140625
-8,759,0.185302734375
0,2576,0.62890625
8,759,0.185302734375
24,1,0.000244140625
