operator_id,null_point,operator_kind,entry_chamber,entry_count,energy_fraction_in_C,mean,rms
R_full,011,normalized,BS_core_2x2,4,0.99269284908844,195230.70136821532,195230.70136821532
R_full,011,normalized,B_S_diag_only,2,0.49634642454422,195230.70136821532,195230.70136821532
R_full,011,normalized,B_S_cross_only,2,0.49634642454422,195230.70136821532,195230.70136821532
R_full,011,normalized,V_row_to_BS,2,0.00682361874263287,-22890.909180673007,22890.909180673007
R_full,011,normalized,BS_to_V_col,2,0.00047832413212504227,-6060.616609491402,6060.616609491402
R_full,011,normalized,V_self,1,5.208036802145528e-06,894.3503590450965,894.3503590450965
