block,features,feature_count,r2_centered,explained_frobenius_fraction,rmse,predicted_participation_rank,leftover_participation_rank,leftover_rank3_energy,predicted_rank3_energy
full_nonflag,"sigma_H,omega,divergence,hpop,C,V,X,bluff,q4,sealed,J_pressure,loss,curved,monodrome,pure,flat,win",17,0.9910021379412819,0.9910021379412819,13.348366804005328,3.903486549586486,6.684039641977448,0.8682854175648624,0.9797711365227946
Omega_J+D_J+M_CVX,"omega,J_pressure,loss,curved,monodrome,divergence,C,V,X",9,0.9628981487450725,0.9628981487450725,27.105427219916827,3.762899638332127,6.829451105751141,0.8566161392641263,0.9813535023770098
quoted_band,"loss,curved,monodrome,divergence,omega,J_pressure,X,q4",8,0.9413284998028778,0.9413284998028779,34.0856879130101,3.913514904879041,6.328658252551379,0.8734379385145792,0.9764280935833959
Omega_J+D_J,"omega,J_pressure,loss,curved,monodrome,divergence",6,0.9375725054004637,0.9375725054004637,35.15980191548146,3.985396617276645,6.416094565537268,0.8818176617664115,0.9742124565679166
D_J+M_CVX,"loss,curved,monodrome,divergence,C,V,X",7,0.8554213507754929,0.8554213507754929,53.506993389926656,3.9639789333241344,5.729622803902125,0.9015308172310568,0.9749016523250861
Omega_J+M_CVX,"omega,J_pressure,C,V,X",5,0.8144164523006509,0.8144164523006509,60.621712853953014,3.343868230632895,5.829409760860519,0.8951619767592648,0.9827400485640814
Omega_J,"omega,J_pressure",2,0.784385649140753,0.7843856491407531,65.34273349017539,3.025969460974814,5.418127758949579,0.9227153594895946,0.983964450948995
D_J,"loss,curved,monodrome,divergence",4,0.7159092216009406,0.7159092216009407,75.00445075753836,3.8478501724901157,4.327508236237283,0.959314765688203,0.980493637060065
M_CVX,"C,V,X",3,0.6965119217549196,0.6965119217549197,77.52277041039773,2.913638387655946,5.260820537675098,0.9115724062699383,0.9893472986411326
