block,shapley_r2,shapley_frobenius
Omega_J,0.3538821180943199,0.3538821180943199
D_J,0.3401463535618347,0.34014635356183465
M_CVX,0.2688696770889178,0.26886967708891774
