operator,shape,projector_rank,energy_inside_projector,energy_outside_projector,relative_error_projected_to_original,projected_participation_rank,original_participation_rank,cos2_projected_with_original,functorial_relative_error_to_direct_lift,direct_lift_energy_vs_compound
label_embedding_Rfoam16,16x16,2,0.013859127167797091,0.9861408728322031,0.9930462591602683,1.9494737054960456,1.9318967771387872,0.013859127167797108,,
compound_lift_Foam16_from_A6,16x16,2,0.030093242765045665,0.9699067572349543,0.9848384422000162,1.00090953030968,1.5181444469011518,0.030093242765045713,,
functorial_check_P16_liftA_P16_vs_lift_P6AP6,16x16,2,0.030093242765045665,0.9699067572349543,0.9848384422000162,1.00090953030968,1.5181444469011518,0.030093242765045713,1.8616571224431545e-07,0.03009324275995115
