{
  "code": "G24 endpoint generated from H8^3 Type II neighbor chain 42->18->6->0",
  "pairwise_smoothing_counterexamples": [
    {
      "bad_fraction": 0.10464975845410628,
      "bad_pairs": 1733,
      "base": 8.161878467517782,
      "cv_x": 1.1170561778694799,
      "delta": -0.921162945644876,
      "i": 7,
      "j": 14,
      "sample_index": 10,
      "shell_weight": 8,
      "smoothed": 7.2407155218729065,
      "t": 0.3988381467847121,
      "total_pairs": 16560,
      "xi": 0.17317021795554588,
      "xj": 0.5368014626233388
    },
    {
      "bad_fraction": 0.042451690821256036,
      "bad_pairs": 703,
      "base": 0.7031285017718669,
      "cv_x": 1.1396286258203328,
      "delta": -0.017949586075856616,
      "i": 4,
      "j": 16,
      "sample_index": 55,
      "shell_weight": 12,
      "smoothed": 0.6851789156960103,
      "t": 0.13548589881024312,
      "total_pairs": 16560,
      "xi": 0.1608378222117895,
      "xj": 0.10413478044826173
    },
    {
      "bad_fraction": 0.02276570048309179,
      "bad_pairs": 377,
      "base": 0.03643614989253303,
      "cv_x": 0.9207321348371267,
      "delta": -0.0026940176255244586,
      "i": 19,
      "j": 20,
      "sample_index": 39,
      "shell_weight": 16,
      "smoothed": 0.03374213226700857,
      "t": 0.08421471840090033,
      "total_pairs": 16560,
      "xi": 0.10900509550925475,
      "xj": 0.04798048294571587
    }
  ],
  "remaining_residue": "Veronese-constrained Krawtchouk/SOS association-scheme certificate for w=12 and w=16 shell domination.",
  "routes_rejected": [
    "uniform_elementary_symmetric_domination",
    "coordinate_pairwise_RMS_smoothing"
  ],
  "scope": "Proof-route audit for the remaining Golay shell block-RMS domination lemma. It rejects two tempting generic routes and isolates the necessary Veronese/SOS route; it does not prove the lemma.",
  "sha256": "aa0b59cf22ec8f26724c4b566da128bf1ce5b395ee171d0a67ff635df4ea1fd9",
  "status": "HAMMING_GAUSSIAN_PROOF_ROUTE_AUDIT_COMPLETE",
  "uniform_ek_counterexamples": [
    {
      "cv_x": 2.90487692424914,
      "max_x": 1.0,
      "min_x": 3.6141434684857793e-07,
      "ratio": 35.2063713292394,
      "route": "uniform_elementary_symmetric_domination",
      "scale": 5.0,
      "shell_weight": 8
    },
    {
      "cv_x": 3.8602246107879576,
      "max_x": 1.0,
      "min_x": 1.4205543189175928e-08,
      "ratio": 78.9343866140252,
      "route": "uniform_elementary_symmetric_domination",
      "scale": 5.0,
      "shell_weight": 12
    },
    {
      "cv_x": 3.2697119627685995,
      "max_x": 1.0,
      "min_x": 9.077725062500188e-08,
      "ratio": 29.79235409241178,
      "route": "uniform_elementary_symmetric_domination",
      "scale": 3.5,
      "shell_weight": 16
    }
  ],
  "weight_enumerator": {
    "0": 1,
    "12": 2576,
    "16": 759,
    "24": 1,
    "8": 759
  }
}