auto_index,matrix_key,image_001,preserve_P1,preserve_line_set,preserve_three_zones,class,builder_assignment_mean_L2,builder_assignment_max_L2,jabber_assignment_mean_L2,jabber_assignment_max_L2,joint_assignment_mean_L2,joint_assignment_max_L2,R_equivariance_relerr,F_equivariance_relerr,R_cos2_after_action,F_cos2_after_action
76,100010001,1,True,True,True,flag_stabilizer,0.0,0.0,0.0,0.0,0.0,0.0,0.0,0.0,0.9999999999999999,0.9999999999999999
77,100010011,1,True,True,True,flag_stabilizer,0.0,0.0,0.0,0.0,0.0,0.0,0.0,0.0,0.9999999999999999,0.9999999999999999
78,100010101,1,True,True,True,flag_stabilizer,0.0,0.0,0.0,0.0,0.0,0.0,0.0,0.0,0.9999999999999999,0.9999999999999999
79,100010111,1,True,True,True,flag_stabilizer,0.0,0.0,0.0,0.0,0.0,0.0,0.0,0.0,0.9999999999999999,0.9999999999999999
88,100110001,1,True,True,True,flag_stabilizer,0.0,0.0,0.0,0.0,0.0,0.0,0.0,0.0,0.9999999999999999,0.9999999999999999
89,100110011,1,True,True,True,flag_stabilizer,0.0,0.0,0.0,0.0,0.0,0.0,0.0,0.0,0.9999999999999999,0.9999999999999999
90,100110101,1,True,True,True,flag_stabilizer,0.0,0.0,0.0,0.0,0.0,0.0,0.0,0.0,0.9999999999999999,0.9999999999999999
91,100110111,1,True,True,True,flag_stabilizer,0.0,0.0,0.0,0.0,0.0,0.0,0.0,0.0,0.9999999999999999,0.9999999999999999
