safe_K2_conditional,safe_K_conditional,s_star,r_star
1.7575186441578108,1.3257143901149337,3.688282036678107,0.752867418111206
