{
  "builder_foam16_condition_singular_values": [
    3.941765715288159,
    0.6577259092440093,
    0.17255753596914988,
    0.009132225257901484,
    0.00449147303915869,
    2.551774438064733e-17,
    4.5228389134009575e-19,
    1.3746974420237514e-19,
    4.5556071916937006e-33,
    2.2131317155132005e-35,
    7.412382607683948e-36,
    1.5285327322356928e-49,
    1.286043314340656e-52,
    2.4430043870046295e-66,
    1.0989242891356401e-82,
    2.461288772190949e-99
  ],
  "builder_foam16_rank": 5,
  "builder_six_rank": 3,
  "foam_basis": [
    "unit",
    "B-\u2227B+",
    "B-\u2227V-",
    "B-\u2227V+",
    "B-\u2227S-",
    "B-\u2227S+",
    "B+\u2227V-",
    "B+\u2227V+",
    "B+\u2227S-",
    "B+\u2227S+",
    "V-\u2227V+",
    "V-\u2227S-",
    "V-\u2227S+",
    "V+\u2227S-",
    "V+\u2227S+",
    "S-\u2227S+"
  ],
  "jabber_foam16_condition_singular_values": [
    3.924918565976226,
    0.7562114418335787,
    0.15201951977758485,
    0.006963667755974734,
    0.0002804159269839857,
    1.2826389872699336e-18,
    3.881869009108566e-19,
    8.886301784283248e-21,
    1.6980848783827586e-35,
    1.0152323457102817e-35,
    4.910182326306582e-37,
    9.681153842572187e-52,
    5.4572781911970856e-52,
    7.755593090563683e-54,
    1.8646301140874176e-68,
    5.816047272096366e-70
  ],
  "jabber_foam16_rank": 5,
  "jabber_six_rank": 3,
  "null_point": "011",
  "six_channel_order": [
    "B-",
    "B+",
    "V-",
    "V+",
    "S-",
    "S+"
  ]
}
