{
  "candidate": {
    "K": 1.2020211559146667,
    "K2": 1.4448548592664314,
    "distribution_profile": {
      "-24": 1,
      "-8": 759,
      "0": 2576,
      "8": 759,
      "24": 1
    },
    "t_star": 0.6860808181332363,
    "weight_enumerator": {
      "0": 1,
      "12": 2576,
      "16": 759,
      "24": 1,
      "8": 759
    }
  },
  "certificate_sha256": "a59920bb097a0a60069bd87e365c64e2aee37f340508e3a852a24492a05937cb",
  "direction_scale_search": {
    "best": {
      "F": 1.4448548592664323,
      "K": 1.202021155914667,
      "codeword_abs_corr": 1.0000000000000002,
      "gap_to_candidate": -8.881784197001252e-16,
      "index": 0,
      "label": "all_ones",
      "scale": 3.3610958543805296
    },
    "no_exceeds_candidate": true,
    "rows": 107
  },
  "full_multistart_search": {
    "best": {
      "F": 1.444854859266432,
      "K": 1.202021155914667,
      "codeword_abs_corr": 1.0000000000000002,
      "gap_to_candidate": -6.661338147750939e-16,
      "index": 1,
      "label": "random_0",
      "nit": 20,
      "norm": 3.3610958514044853,
      "success": true
    },
    "no_exceeds_candidate": true,
    "rows": 26
  },
  "global_residue": "Prove M_C(u)<=exp((K^2/2)||u||^2) for all u in R^24.",
  "macwilliams_identity_max_abs_err": 3.730349362740526e-14,
  "schema": "hamming_gaussian.global_inequality_reduction.v1",
  "status": "HAMMING_GAUSSIAN_GLOBAL_INEQUALITY_REDUCTION_AND_STRESS_PASS"
}