shell,start_index,start_norm,success,iterations,psi_final,ratio_final,grad_norm,theta_std,theta_min,theta_max,message
12,4,0.48989794855663554,True,9,3.552713678800501e-15,1.0000000000000036,2.560773174307784e-10,7.072029332071335e-11,-7.822137756071411e-11,2.8552058907961134e-10,CONVERGENCE: RELATIVE REDUCTION OF F <= FACTR*EPSMCH
16,32,2.449489742783178,True,12,4.440892098500626e-15,1.0000000000000044,1.7234313041112735e-09,3.193919342311219e-10,-8.719776075610088e-10,3.4183242475485075e-10,CONVERGENCE: RELATIVE REDUCTION OF F <= FACTR*EPSMCH
