{
  "trials": 5000,
  "original_pair_chamber_share_of_WD6_breaking": 0.9922761641973192,
  "original_nonpair_share_of_WD6_breaking": 0.007723835802680752,
  "control_pair_share_mean": 0.25659941439451056,
  "control_pair_share_std": 0.09965886942996871,
  "control_pair_share_max": 0.6737903298537897,
  "original_pair_share_percentile": 1.0,
  "original_pair3_descent_energy_fraction": 0.9935526370391358,
  "control_pair3_descent_mean": 0.24244008344578796,
  "control_pair3_descent_max": 0.6569103033734459,
  "original_pair3_descent_percentile": 1.0
}