orbit,count,coefficient
same_edge,6,3420.3431964576644
adjacent_edges,24,1318.0140567536894
opposite_edges,6,3420.3431964576644
