orbit,count,coefficient
same_edge,6,142538.61973075368
adjacent_edges,24,55629.40172051511
opposite_edges,6,142538.61973075368
