{
  "trials": 2000,
  "observed_active_energy_share_vs_A6": 0.9935526370391362,
  "random_mean_active_energy_share_vs_A6": 0.1731938983855484,
  "random_max_active_energy_share_vs_A6": 0.9613846672498797,
  "observed_percentile_active_energy_share": 1.0,
  "observed_Rhat_share_vs_Rhat": 1.0000000000000038,
  "random_mean_Rhat_share_vs_Rhat": 0.22796920855209007,
  "random_max_Rhat_share_vs_Rhat": 4.2221632255119825,
  "observed_percentile_Rhat_share": 0.9235
}