original_Romega_mode,mode_singular_value,null_point,operator_kind,mode_fit_energy_fraction,mode_relative_error,A6_mode_participation_rank,S4_invariant_energy_fraction,signedD6_invariant_energy_fraction,top_tetrahedral_orbit,top_tetrahedral_orbit_coefficient,same_edge_coeff,adjacent_edge_coeff,opposite_edge_coeff
1,1659.5680259168257,011,normalized,0.36520266393792317,0.796741699713324,1.0000000000000002,0.17056485400911617,4.1650331634370955e-05,adjacent_edges,-3989.253803392758,124.70043964922534,-3989.253803392758,-91.93663390551582
2,1395.8983985257423,010,normalized,0.18815782763566472,0.9010228478592189,1.0000000000000004,0.5266951243704133,0.1655807989597529,same_edge,46592.671642083376,46592.671642083376,25390.21740560602,46430.61705344778
3,515.473300481971,011,normalized,0.10982760595284051,0.943489477443792,1.0000000000000009,0.16571989600637865,0.06672318450027345,opposite_edges,5089.058386600664,4338.785540881298,712.7572413915741,5089.058386600664
4,198.3042957064743,010,normalized,0.03802891156324555,0.9808012481827061,1.0,0.4121198611647719,0.1638815664988095,same_edge,20211.15322820834,20211.15322820834,7419.130883879302,19964.569546831837
5,150.90564032172816,100,normalized,0.10242704256762727,0.9474032707524155,1.0,0.3106407821529162,0.1664897684561463,same_edge,68926.95814314544,68926.95814314544,31973.838379813988,-4915.795176745442
6,130.25919498638805,001,normalized,0.0005830676064047381,0.9997084236884249,1.0000000000000027,0.4227573879591076,0.14117952693229824,opposite_edges,0.46901528403473286,0.4690152840347326,-0.2338579379900525,0.46901528403473286
