control,trials,mean,std,min,max,original_percentile
random_orthogonal_same_singular_values,50,0.03208531476575044,0.02137563003697735,0.00409391440504231,0.09845801809984932,1.0
random_row_col_permutation,50,0.11267115399654702,0.1158855821833044,0.009037742498721987,0.5357772566922008,0.92
random_strategy_fano_weight_shuffle,50,0.1177252430342643,0.10926592447357428,0.0014716549373463082,0.4927608700872316,0.9
