operator_id,null_point,fit_energy_fraction,WD6_scalar_energy_fraction,pair_diag_contrast_energy_fraction,pair_offdiag_chamber_energy_fraction,orthogonal_pair_chamber_energy_fraction,orthogonal_residual_not_pair_or_WD6,top_quotient_component,top_quotient_energy_fraction_in_C
rank3_cumulative,011,0.28274101259371764,0.16338961787984171,0.32909104467712974,0.5014945573388925,0.8305856020160223,0.006024780104136096,u0_scalar→u0_scalar,0.38317006303757273
rank3_cumulative,010,0.2827410125937173,0.16338961787984166,0.3290910446771296,0.5014945573388925,0.830585602016022,0.006024780104136318,u0_scalar→u0_scalar,0.38317006303757256
rank4_cumulative,011,0.286103109568407,0.16383790243977547,0.3259375712230697,0.5011617918767551,0.8270993630998249,0.009062734460399513,u0_scalar→u0_scalar,0.3689959683459517
rank4_cumulative,010,0.2861031095684064,0.16383790243977542,0.3259375712230697,0.5011617918767551,0.8270993630998249,0.009062734460399624,u0_scalar→u0_scalar,0.36899596834595166
mode4_increment,011,0.038028911563245275,0.16388156649881014,0.31588786571896776,0.4994973224758803,0.8153851881948481,0.020733245306341797,u0_scalar→u0_scalar,0.3331668776781482
mode4_increment,010,0.03802891156324555,0.1638815664988101,0.31588786571896754,0.49949732247588036,0.815385188194848,0.020733245306341908,u0_scalar→u0_scalar,0.3331668776781482
