shell,ratio,grad_norm,min_hessian_eigenvalue,max_hessian_eigenvalue,max_tangent_hessian_eigenvalue,min_tangent_hessian_eigenvalue
12,1.0,2.196530730957701e-14,-0.7391304347826112,1.1401990462900358e-13,1.1401990462900358e-13,-0.7391304347826109
16,1.0,2.0918204592287075e-15,-1.101449275362319,1.1102230246251565e-15,1.1102230246251565e-15,-1.1014492753623184
