{
  "best_by_shell": {
    "12": {
      "F": 2.55351295663786e-15,
      "cv_exp_z": 4.859638787372245e-09,
      "grad_norm": 1.759667848984276e-08,
      "max_hessian_eigenvalue": 7.327471962526033e-15,
      "message": "CONVERGENCE: RELATIVE REDUCTION OF F <= FACTR*EPSMCH",
      "min_hessian_eigenvalue": -0.7391304734554996,
      "ratio": 1.0000000000000027,
      "shell": 12,
      "start_id": 18,
      "success": true
    },
    "16": {
      "F": 1.3322676295501878e-15,
      "cv_exp_z": 1.2205307772516205e-09,
      "grad_norm": 6.5859567170911765e-09,
      "max_hessian_eigenvalue": 1.199040866595169e-14,
      "message": "CONVERGENCE: RELATIVE REDUCTION OF F <= FACTR*EPSMCH",
      "min_hessian_eigenvalue": -1.1014492824312978,
      "ratio": 1.0000000000000013,
      "shell": 16,
      "start_id": 21,
      "success": true
    }
  },
  "certificate_sha256": "c2592c274dd36d7ca89433b8a96f6a5d87eeb3ac2acf540a9fa83686162d4f3c",
  "code_weight_enumerator": {
    "0": 1,
    "8": 759,
    "12": 2576,
    "16": 759,
    "24": 1
  },
  "equal_rows": [
    {
      "grad_norm": 2.196530730957701e-14,
      "max_hessian_eigenvalue": 1.1401990462900358e-13,
      "max_tangent_hessian_eigenvalue": 1.1401990462900358e-13,
      "min_hessian_eigenvalue": -0.7391304347826112,
      "min_tangent_hessian_eigenvalue": -0.7391304347826109,
      "ratio": 1.0,
      "shell": 12
    },
    {
      "grad_norm": 2.0918204592287075e-15,
      "max_hessian_eigenvalue": 1.1102230246251565e-15,
      "max_tangent_hessian_eigenvalue": 1.1102230246251565e-15,
      "min_hessian_eigenvalue": -1.101449275362319,
      "min_tangent_hessian_eigenvalue": -1.1014492753623184,
      "ratio": 1.0,
      "shell": 16
    }
  ],
  "max_ratio_by_shell": {
    "12": 1.0000000000000027,
    "16": 1.0000000000000013
  },
  "multistart_count": 82,
  "noncritical_positive_curvature_counts": {
    "12": 189,
    "16": 182
  },
  "residue": "Prove covariance domination and uniqueness at positive KKT fixed points, or produce a Veronese-constrained Krawtchouk/SOS certificate.",
  "shells": {
    "12": 2576,
    "16": 759
  },
  "status": "HAMMING_GAUSSIAN_KKT_COVARIANCE_REDUCTION_COMPLETE",
  "timestamp": 1779743529.8290782
}