{
  "artifacts": [
    "hamming_gaussian_sharp_constant_candidate_report.md",
    "hamming_gaussian_sharp_constant_candidate_certificate.json",
    "stationary_points_codeword_direction.csv",
    "local_hessian_eigenvalues.csv",
    "multistart_optimization.csv",
    "codeword_direction_distribution.csv",
    "hamming_gaussian_sharp_constant_candidate.py"
  ],
  "candidate_constant": {
    "best_stationary": {
      "ES": 23.79089289430309,
      "ES2": 569.3431597729495,
      "F": 1.4448548592664316,
      "K": 1.2020211559146667,
      "L": 8.161237630521837,
      "Var": 3.3365750647482173,
      "stationarity_residual": -7.105427357601002e-15,
      "t": 0.6860808181332365
    },
    "candidate_K": 1.2020211559146667,
    "candidate_K2": 1.4448548592664316,
    "direction": "any full sign direction attached to a Golay codeword; by code translation it has the all-ones distribution",
    "distribution": {
      "-24": 1,
      "-8": 759,
      "0": 2576,
      "24": 1,
      "8": 759
    },
    "stationary_points": [
      {
        "ES": 4.209997932804188,
        "ES2": 42.10966917881448,
        "F": 0.9966163229310666,
        "K": 0.9983067278802976,
        "L": 0.3705053913093135,
        "Var": 24.38558658459894,
        "stationarity_residual": -3.3306690738754696e-16,
        "t": 0.176012148805274
      },
      {
        "ES": 23.79089289430309,
        "ES2": 569.3431597729495,
        "F": 1.4448548592664316,
        "K": 1.2020211559146667,
        "L": 8.161237630521837,
        "Var": 3.3365750647482173,
        "stationarity_residual": -7.105427357601002e-15,
        "t": 0.6860808181332365
      }
    ]
  },
  "certificate_sha256": "9535e01ff4d6bca4b9bf008ca951e3fa262be1b6c2af84261481f75d624cedab",
  "finite_source": {
    "code_size": 4096,
    "dual_distance": 8,
    "length": 24,
    "weight_enumerator": {
      "0": 1,
      "12": 2576,
      "16": 759,
      "24": 1,
      "8": 759
    }
  },
  "local_max_certificate": {
    "eigenvalue_count": 24,
    "gradient_norm": 2.006647955795634e-15,
    "hessian_max_eigenvalue": -0.23118259804606148,
    "hessian_min_eigenvalue": -0.25366022174186265,
    "negative_definite_hessian": true
  },
  "multistart_diagnostic": {
    "best_F": 1.444854859266433,
    "best_K": 1.2020211559146674,
    "best_codeword_abs_corr": 1.0000000000000002,
    "best_codeword_weight": 12,
    "converged_to_candidate_count": 15,
    "max_excess_over_candidate": 1.3322676295501878e-15,
    "starts": 46
  },
  "not_claimed": [
    "not a rigorous global optimization proof over all R^24 directions",
    "not a full multivariate convex-order domination theorem",
    "not a proof of Talagrand equivalence"
  ],
  "scope": "stationary, local Hessian, and multistart evidence for sharp full Golay sign-vector subgaussian proxy constant",
  "status": "HAMMING_GAUSSIAN_SHARP_CONSTANT_CANDIDATE_LOCAL_CERTIFIED"
}